residue,mean_n_pip
M 1,0.18842965312902163
K 15,0.18370095471822345
R 30,0.17325591835513124
R 35,0.24499446323287344
R 74,0.12447251069942837
K 98,0.1755304821476671
R 118,0.2089007272618442
T 144,0.2987459970670098
L 145,0.1683177206476521
K 147,0.2630712596893425
L 151,0.32466405291353667
D 154,0.24798731032831534
E 155,0.2609463382515787
M 158,0.27219944333044027
K 160,0.25415257534492564
K 162,0.1807978930356448
L 193,0.19977254362074642
R 194,0.10085894711639182
