residue,mean_n_pip
M 1,0.11782178217821782
T 144,0.3217821782178218
L 145,0.12871287128712872
K 147,0.41188118811881186
L 151,0.20396039603960395
D 154,0.29306930693069305
E 155,0.25742574257425743
M 158,0.24554455445544554
K 160,0.4594059405940594
K 162,0.19504950495049506
Y 270,0.15643564356435644
K 272,0.1801980198019802
G 275,0.22178217821782178
L 314,0.1405940594059406
K 316,0.30396039603960395
K 318,0.14752475247524752
K 320,0.5524752475247525
G 321,0.17425742574257425
K 322,0.4415841584158416
D 341,0.14158415841584157
S 362,0.36336633663366336
